ลำดับข้อ,หมวดหมู่,คำถาม,คำตอบ
1,ข้อมูลทั่วไปของแผน,แผนการสอนนี้เป็นของสถาบันหรือหน่วยงานใด?,เป็นแบบฟอร์มแผนการสอนของ คณะครุศาสตร์อุตสาหกรรม มหาวิทยาลัยเทคโนโลยีพระจอมเกล้าพระนครเหนือ (มจพ.)
2,ข้อมูลทั่วไปของแผน,แบบฟอร์มแผนการสอน คณะครุศาสตร์อุตสาหกรรม มจพ. มีโครงสร้างส่วนหัวอย่างไร?,"ระบุชื่อสถาบัน คณะครุศาสตร์อุตสาหกรรม มจพ., เรื่อง, วิชา, เวลาในการสอน (นาที), ชั้นเรียน, วันที่สอน, ผู้สอน, ชั้น/กลุ่มเรียน และปีการศึกษา"
3,ข้อมูลทั่วไปของแผน,ข้อมูลพื้นฐานส่วนหัวของแบบฟอร์มแผนการสอน มจพ. มีอะไรบ้าง?,"ประกอบด้วย คณะ/สถาบัน, เรื่อง, วิชา, เวลาในการสอน (นาที), ชั้นเรียน, วันที่สอน, ผู้สอน, ชั้น/กลุ่มเรียน และปีการศึกษา"
4,ข้อมูลทั่วไปของแผน,ในแบบฟอร์มระบุระดับชั้นเรียนและกลุ่มเรียนตัวอย่างเป็นอะไร?,ระบุระดับชั้นเรียน ปวช.1 และกลุ่มเรียน ชั้น TCT1-DERA
5,ข้อมูลทั่วไปของแผน,เวลาในการสอนในแบบฟอร์มกำหนดหน่วยเป็นอะไร?,มีช่องระบุเวลาในการสอนเป็นหน่วย 'นาที'
6,ข้อมูลทั่วไปของแผน,ส่วนหัวของแผนการสอนต้องระบุชื่อผู้สอนและปีการศึกษาหรือไม่?,ต้องระบุ โดยมีช่องสำหรับกรอกชื่อผู้สอน ชั้น/กลุ่มเรียน และปีการศึกษาอย่างชัดเจน
7,วัตถุประสงค์และการประเมิน,วัตถุประสงค์ในแผนการสอนระบุเป็นประเภทใด?,ระบุเป็น 'วัตถุประสงค์เชิงพฤติกรรม' (Behavioral Objectives)
8,วัตถุประสงค์และการประเมิน,การเขียนวัตถุประสงค์เชิงพฤติกรรมในแผนการสอนมีข้อความนำอย่างไร?,มีข้อความนำระบุว่า 'หลังจบการเรียนการสอนผู้เรียนควรมีความสามารถดังนี้'
9,วัตถุประสงค์และการประเมิน,ในแบบฟอร์มให้จับคู่วัตถุประสงค์เชิงพฤติกรรมกับการประเมินส่วนใด?,จับคู่กับคอลัมน์ 'การประเมินขั้นสำเร็จผล' เช่น การระบุข้อในใบงานหรือแบบทดสอบ
10,วัตถุประสงค์และการประเมิน,การประเมินขั้นสำเร็จผลในแผนการสอนมีความสัมพันธ์กับวัตถุประสงค์อย่างไร?,ต้องวัดผลให้ตรงตามพฤติกรรมที่ระบุในแต่ละวัตถุประสงค์เชิงพฤติกรรม โดยระบุหลักฐานการวัดผลในใบงานหรือแบบทดสอบ
11,วัตถุประสงค์และการประเมิน,วัตถุประสงค์เชิงพฤติกรรมในแบบฟอร์มเว้นไว้กี่ข้อ?,"ในแบบฟอร์มเริ่มต้นมีช่องกำหนดข้อ 1, 2, 3 และ 4 ไว้เป็นแนวทาง"
12,การเตรียมความพร้อม,ช่อง 'ความรู้พื้นฐานที่จำเป็น' มีไว้สำหรับระบุอะไร?,ระบุทักษะหรือความรู้เดิมที่ผู้เรียนต้องมีก่อนเริ่มเรียนหัวข้อใหม่ เพื่อให้พร้อมต่อการรับบทเรียน
13,การเตรียมความพร้อม,ช่อง 'การนำเข้าสู่บทเรียน' มีความสำคัญอย่างไรในแผน?,เป็นกิจกรรมหรือคำถามกระตุ้นความสนใจ เพื่อเชื่อมโยงประสบการณ์เดิมเข้าสู่เนื้อหาบทเรียนใหม่
14,การเตรียมความพร้อม,ทำไมแผนการสอนต้องระบุความรู้พื้นฐานที่จำเป็นก่อนเริ่มสอน?,เพื่อตรวจสอบความพร้อมของผู้เรียนและทบทวนความรู้เดิมก่อนต่อยอดไปยังเนื้อหาใหม่
15,โครงสร้างตารางปฏิบัติการ,รูปแบบขั้นตอนการสอนหลักในตารางปฏิบัติการมีกี่ขั้นตอน อะไรบ้าง?,มี 4 ขั้นตอนหลักตามแนวทาง MIAP ได้แก่ 1. ขั้นสนใจปัญหา (M) 2. ขั้นบอกกล่าว (I) 3. ขั้นพยายาม (A) และ 4. ขั้นสำเร็จผล (P)
16,โครงสร้างตารางปฏิบัติการ,ขั้นบอกกล่าวใช้ตัวอักษรย่อภาษาอังกฤษว่าอะไร?,ใช้ตัวย่อ '(I)' ซึ่งย่อมาจาก Information
17,โครงสร้างตารางปฏิบัติการ,ขั้นพยายามใช้ตัวอักษรย่อภาษาอังกฤษว่าอะไร?,ใช้ตัวย่อ '(A)' ซึ่งย่อมาจาก Application
18,โครงสร้างตารางปฏิบัติการ,ขั้นสำเร็จผลใช้ตัวอักษรย่อภาษาอังกฤษว่าอะไร?,ใช้ตัวย่อ '(P)' ซึ่งย่อมาจาก Progress
19,โครงสร้างตารางปฏิบัติการ,ตารางปฏิบัติการในแผนการสอนมีการแบ่งช่วงเวลาอย่างไร?,มีการแบ่งช่องเวลาเป็นนาทีตั้งแต่ 1 ถึง 30 นาที และมีช่องสำหรับการบ้าน
20,โครงสร้างตารางปฏิบัติการ,ตัวเลขสรุปโครงสร้างการสอนในแบบฟอร์มแสดงรหัสรูปแบบอะไร?,ระบุโครงสร้างการสอนและรูปแบบการสอนที่เลือก เช่น รูปแบบ 1-2-3-4
21,เทคนิคการสอนขั้นบอกกล่าว (I),ในขั้นบอกกล่าว (I) มีเทคนิคการสอนย่อยอะไรให้เลือกติ๊กบ้าง?,"มี 5 รูปแบบย่อย ได้แก่ บรรยาย, ถาม-ตอบ, สาธิต, ชี้ทาง และสรุป"
22,เทคนิคการสอนขั้นบอกกล่าว (I),หากครูต้องการอธิบายเนื้อหาหรือทฤษฎีในขั้นบอกกล่าว ควรเลือกช่องใด?,เลือกรูปแบบ 'บรรยาย' หรือ 'ถาม-ตอบ' ตามลักษณะกิจกรรม
23,เทคนิคการสอนขั้นบอกกล่าว (I),หากครูลงมือทำให้ดูเป็นตัวอย่างในขั้นบอกกล่าว ต้องระบุในช่องใด?,ระบุในช่อง 'สาธิต'
24,เทคนิคการสอนขั้นบอกกล่าว (I),เทคนิค 'ชี้ทาง' ในขั้นบอกกล่าวคืออะไร?,เป็นการแนะนำแนวทางหรือกระตุ้นให้ผู้เรียนค้นพบคำตอบด้วยตนเอง
25,เทคนิคการสอนขั้นบอกกล่าว (I),เทคนิค 'สรุป' ในขั้นบอกกล่าวมีไว้เพื่ออะไร?,ใช้สำหรับรวบยอดประเด็นสำคัญของเนื้อหาที่ได้บอกกล่าวไปให้ชัดเจนก่อนเริ่มขั้นพยายาม
26,กิจกรรมขั้นพยายาม (A),ในขั้นพยายาม (A) กำหนดรูปแบบกิจกรรมฝึกปฏิบัติไว้กี่รูปแบบ อะไรบ้าง?,มี 3 รูปแบบ ได้แก่ 1. แบบลอกเลียน 2. แบบฝึกหัด และ 3. แบบแก้ปัญหา
27,กิจกรรมขั้นพยายาม (A),การให้ผู้เรียนทำตามขั้นตอนที่ครูเพิ่งสาธิตไป จัดเป็นขั้นพยายามรูปแบบใด?,จัดเป็นกิจกรรม 'แบบลอกเลียน'
28,กิจกรรมขั้นพยายาม (A),กิจกรรม 'แบบฝึกหัด' ในขั้นพยายามเน้นอะไร?,เน้นให้ผู้เรียนได้ฝึกฝนทบทวนและทำโจทย์เพื่อสร้างความเข้าใจที่มั่นคง
29,กิจกรรมขั้นพยายาม (A),กิจกรรม 'แบบแก้ปัญหา' ในขั้นพยายาม เหมาะกับการเรียนการสอนแบบใด?,เหมาะกับโจทย์ที่มีความซับซ้อน หรือสถานการณ์จำลองที่ผู้เรียนต้องวิเคราะห์และประยุกต์ใช้ความรู้แก้ปัญหาด้วยตนเอง
30,ระดับกิจกรรมผู้เรียน,ตารางประเมินระดับกิจกรรมของผู้เรียนมีกี่ระดับ?,"แบ่งเป็น 3 ระดับ ได้แก่ ระดับสูง, ระดับปานกลาง และระดับต่ำ"
31,ระดับกิจกรรมผู้เรียน,วัตถุประสงค์ของการบันทึก 'ระดับกิจกรรมผู้เรียน' ในแต่ละช่วงเวลาคืออะไร?,เพื่อติดตามและตรวจสอบว่าผู้เรียนมีส่วนร่วม (Active Learning) มากน้อยเพียงใดตลอดแต่ละช่วงนาทีของการสอน
32,สิ่งสนับสนุนการสอน (สื่อ),สิ่งสนับสนุนการเรียนการสอนในตารางมีรายการใดบ้าง?,"กระดาน, แผ่นภาพ, ใบเนื้อหา, ใบสั่งงาน, ใบทดสอบ, แผ่นใส/สไลด์, คอมพิวเตอร์, ของจริง/ตัวอย่าง และอุปกรณ์การทดลอง"
33,สิ่งสนับสนุนการสอน (สื่อ),หากใช้ PowerPoint หรือการฉายหน้าจอ ในแผนจัดอยู่ในหมวดสื่อใด?,จัดอยู่ในช่อง 'แผ่นใส / สไลด์' หรือ 'คอมพิวเตอร์'
34,สิ่งสนับสนุนการสอน (สื่อ),หากมีการนำสาย LAN และคีมย้ำหัวของจริงมาใช้ จะตรงกับหมวดสื่อใด?,ตรงกับหมวด 'ของจริง ตัวอย่าง' หรือ 'อุปกรณ์การทดลอง'
35,สิ่งสนับสนุนการสอน (สื่อ),ถ้าครูใช้การเขียนสรุปหน้าห้อง จะจัดเป็นสื่อประเภทใดในแบบฟอร์ม?,จัดอยู่ในช่อง 'กระดาน'
36,เอกสารแนบท้ายแผน,ส่วน 'สิ่งที่แนบมาด้วย' ท้ายแผนการสอนประกอบด้วยเอกสารกี่ประเภท?,"มี 6 ประเภท ได้แก่ แบบร่างกระดาน, ใบรายการถาม-ตอบ, ใบเนื้อหา, ใบงาน, ใบเฉลย และอื่น ๆ"
37,เอกสารแนบท้ายแผน,เอกสารแนบช่วยสนับสนุนการสอนของครูอย่างไร?,ช่วยให้ครูเตรียมสื่อ เนื้อหา คำถาม-คำตอบ แบบฝึกหัด และการเขียนกระดานล่วงหน้าได้อย่างสมบูรณ์แบบและเป็นระบบ
38,แบบร่างกระดาน,แบบร่างกระดาน (Board Plan) คืออะไร มีไว้เพื่อประโยชน์ใด?,เป็นการจำลองพื้นที่การเขียนกระดานล่วงหน้า เพื่อจัดสรรตำแหน่งหัวข้อ คำอธิบาย รูปภาพ และเฉลยให้เป็นระเบียบชัดเจน
39,แบบร่างกระดาน,ในแบบร่างกระดานมีการแบ่งแสดงเป็นกี่แผ่นตามตัวอย่าง?,"ตัวอย่างมีการระบุเป็น แผ่นที่ 1/3, แผ่นที่ 2/3 และ แผ่นที่ 3/3 (รวมถึงเฉลยบนกระดาน)"
42,ใบรายการถาม-ตอบ,ใบรายการถาม-ตอบ (Question & Answer Sheet) ประกอบด้วยหัวข้ออะไรบ้าง?,"ประกอบด้วย วัตถุประสงค์ (ข้อที่), รายการคำถาม และแนวคำตอบ"
43,ใบรายการถาม-ตอบ,ในใบรายการถาม-ตอบ มีการแยกการถามคำถามออกเป็นส่วนใดบ้าง?,แยกเป็นส่วนคำถามใน 'การนำเข้าสู่บทเรียน' และคำถามที่ตรงตามแต่ละ 'วัตถุประสงค์' ของบทเรียน
44,ใบรายการถาม-ตอบ,ตัวอย่างคำถามที่ 1 ในการนำเข้าสู่บทเรียนคืออะไร?,คำถามคือ 'สวัสดีค่ะนักเรียน' และแนวคำตอบคือ 'สวัสดีครับ/ค่ะ'
45,ใบรายการถาม-ตอบ,ทำไมครูต้องเตรียมใบรายการถาม-ตอบไว้ล่วงหน้า?,เพื่อกำหนดทิศทางการตั้งคำถามกระตุ้นความคิด และเตรียมแนวคำตอบที่ถูกต้องไว้ตรวจสอบความเข้าใจของผู้เรียน
46,ใบเนื้อหา,ใบเนื้อหาในเอกสารแนบระบุรายละเอียดหัวข้ออะไรไว้บ้าง?,"แหล่งข้อมูลหลักของบทเรียน (Primary Learning Resource)
สรุปเนื้อหาที่ตรงตามจุดประสงค์เชิงพฤติกรรม โดยคัดกรองเฉพาะสาระสำคัญที่จำเป็น ไม่เยิ่นเย้อ ช่วยลดภาระการจดบันทึกของผู้เรียนและทำให้โฟกัสกับการทำความเข้าใจ

เครื่องมือสนับสนุนการเรียนรู้ด้วยตนเอง (Self-Directed Learning)
เปิดโอกาสให้ผู้เรียนศึกษาเนื้อหาตามจังหวะการเรียนรู้ของตนเอง (Self-paced) เหมาะกับการจัดการเรียนรู้แบบ Active Learning เช่น Flipped Classroom หรือการเรียนรู้แบบแก้ปัญหา (PBL)

ฐานความรู้ก่อนลงมือปฏิบัติ (Theoretical Foundation)
ในวิชาสายทักษะหรือปฏิบัติการ ใบเนื้อหาจะทำหน้าที่ปูพื้นฐานทฤษฎี คำศัพท์เฉพาะ ขั้นตอนการทำงาน และข้อควรระวัง ก่อนที่ผู้เรียนจะไปทำใบงาน (Worksheet) หรือใบปฏิบัติงาน (Job Sheet)

สื่ออ้างอิงมาตรฐาน (Standardized Reference)
ช่วยให้ผู้เรียนทุกคนได้รับชุดข้อมูลและมาตรฐานความรู้เดียวกัน แม้จะขาดเรียนหรือต้องการทบทวนย้อนหลัง"
47,ใบงานและใบเฉลย,ใบงานในแบบฟอร์มกำหนดโครงสร้างข้อมูลไว้อย่างไร?,"มีช่องระบุวิชา, ชั้น, เวลาทำ, ชื่อ-นามสกุล, รหัสประจำตัว, คำชี้แจง และรายการโจทย์ข้อคำถาม"
48,ใบงานและใบเฉลย,ใบเฉลยในแผนการสอนคืออะไร?,เอกสารหรือสื่อประกอบการสอนสำหรับผู้สอน ที่ระบุคำตอบที่ถูกต้อง แสดงขั้นตอนวิธีคิด แนวทางการตอบ และเกณฑ์การให้คะแนนของใบงาน แบบฝึกหัด หรือแบบทดสอบ
49,ใบงานและใบเฉลย,ทำไมแผนการสอนจำเป็นต้องมีใบเฉลยแนบมาด้วย?,เพื่อให้แผนการสอนมีความสมบูรณ์ตามมาตรฐานวิชาชีพครู ช่วยให้การประเมินผลมีความเที่ยงตรง และรองรับกรณีที่มีผู้สอนท่านอื่นนำแผนไปสอนแทนได้ทันทีโดยไม่ติดขัด
50,ใบงานและใบเฉลย,องค์ประกอบสำคัญที่ต้องมีในใบเฉลยมีอะไรบ้าง?,"1. ส่วนหัว (ชื่อวิชา รหัสวิชา หน่วยการเรียน และอ้างอิงใบงานที่เกี่ยวข้อง)
2. ส่วนคำตอบ/แนวคิด/ผลลัพธ์ที่คาดหวัง
3. เกณฑ์การให้คะแนนและการกระจายคะแนนย่อย"
51,ใบงานและใบเฉลย,หากคำถามในใบงานเป็นคำถามปลายเปิด ใบเฉลยควรเขียนอย่างไร?,"ควรระบุเป็น ""แนวคำตอบ"" (Expected Key Points) โดยแจกแจงประเด็นสำคัญที่ผู้เรียนต้องตอบให้ครบ พร้อมเกณฑ์น้ำหนักคะแนนตามความลึกซึ้งของคำตอบ"
52,ใบเนื้อหา,องค์ประกอบสำคัญของใบเนื้อหา,"ส่วนหัว (Header): ระบุชื่อสถาบัน, ชื่อวิชา, รหัสวิชา, หน่วยการเรียนรู้ที่, ชื่อหัวข้อเรื่อง, และเวลาที่ใช้ในการศึกษา

จุดประสงค์การเรียนรู้ (Learning Objectives): บอกขอบเขตสิ่งที่ผู้เรียนจะรู้หรือทำได้หลังศึกษาใบเนื้อหานี้

สาระสำคัญ / บทนำ (Overview): สรุปแนวคิดรวบยอดสั้น ๆ เพื่อเชื่อมโยงเข้าสู่เนื้อหา

เนื้อหาหลัก (Core Content): จัดแบ่งเป็นหัวข้อย่อยอย่างเป็นลำดับ ใช้ภาษาที่กระชับ ชัดเจน มีภาพประกอบ แผนผัง หรือตารางเปรียบเทียบช่วยเสริมความเข้าใจ

บทสรุปและแหล่งอ้างอิง (Summary & References): สรุปประเด็นสำคัญท้ายบท พร้อมระบุเอกสารอ้างอิงสำหรับผู้ที่ต้องการศึกษาต่อยอด"
